state,district,population,latitude,longitude
Telangana,Adilabad,708952,19.5,78.5
Madhya Pradesh,Agar Malwa,571275,23.9342963,76.14523314
Uttar Pradesh,Agra,4380793,27.1752554,78.0098161
Gujarat,Ahmedabad,7208200,23.0216238,72.5797068
Maharashtra,Ahmednagar,4543083,19.1627725,74.8580243
Mizoram,Aizawl,404054,23.7435236,92.7382905
Rajasthan,Ajmer,2584913,26.4691,74.639
Maharashtra,Akola,1818617,20.7618624,77.19217163
Kerala,Alappuzha,2121943,9.5006651,76.41241429
Uttar Pradesh,Aligarh,3673849,27.87698975,78.13729028
West Bengal,Alipurduar,1700000,26.4851573,89.5246926
Madhya Pradesh,Alirajpur,728677,22.28593955,74.35468609
Uttarakhand,Almora,621927,29.703095,79.43317023
Rajasthan,Alwar,3671999,27.63907705,76.61445249
Haryana,Ambala,1136784,30.3843674,76.770421
Uttar Pradesh,Ambedkar Nagar,2398709,26.40349795,82.60728149
Uttar Pradesh,Amethi,2549935,26.34738315,81.62387832
Maharashtra,Amravati,2887826,21.15454115,77.64429618
Gujarat,Amreli,1513614,20.866667,70.75
Punjab,Amritsar,2490891,31.6343083,74.8736788
Uttar Pradesh,Amroha,1838771,28.9233969,78.48831693
Gujarat,Anand,2090276,22.5584995,72.9625629
Andhra Pradesh,Anantapur,4083315,14.6546235,77.55625984
Jammu and Kashmir,Anantnag,1070144,33.7368773,75.1455138
Odisha,Angul,1271703,20.8382426,85.0973949
Arunachal Pradesh,Anjaw,21089,28.1114301,96.82699963
Madhya Pradesh,Anuppur,749521,23.03525965,81.38844385
Bihar,Araria,2806200,26.26498795,87.37162648
Gujarat,Aravalli,1051746,47.81886375,-122.2159798
Tamil Nadu,Ariyalur,752481,11.07603595,79.11745538
Bihar,Arwal,700843,25.18077715,84.65920203
Madhya Pradesh,Ashoknagar,844979,24.576189,77.7302895
Uttar Pradesh,Auraiya,1372287,26.65573395,79.51504701
Bihar,Aurangabad,2511243,19.877263,75.3390241
Maharashtra,Aurangabad,3695928,19.877263,75.3390241
Uttar Pradesh,Ayodhya,2468371,26.7990707,82.2052321
Uttar Pradesh,Azamgarh,4616509,26.02269675,83.02887343
Karnataka,Bagalkote,1890826,16.1853166,75.6967919
Uttarakhand,Bageshwar,259840,30.0086722,79.9302968
Uttar Pradesh,Baghpat,1302156,28.97240405,77.33315285
Uttar Pradesh,Bahraich,2384239,27.7336958,81.47732128
Assam,Baksa,953773,32.11935,34.970718
Madhya Pradesh,Balaghat,1701156,21.8114,80.1995
Odisha,Balangir,1648574,20.7502257,83.2499464
Odisha,Balasore,2317419,21.5002888,86.9202627
Karnataka,Ballari,2532383,15.2485413,76.8323648
Uttar Pradesh,Ballia,3223642,25.87793255,84.11995931
Chhattisgarh,Balod,826165,20.73218365,81.14335738
Chhattisgarh,Baloda Bazar,1305343,21.57264595,82.43670692
Chhattisgarh,Balrampur,598855,27.4504805,82.39541774
Uttar Pradesh,Balrampur,2149066,27.4504805,82.39541774
Chhattisgarh,Bametara,197035,21.7155,81.5348
Gujarat,Banaskantha,3116045,24.08556,72.144234
Uttar Pradesh,Banda,1799541,25.5008211,80.499762
Jammu and Kashmir,Bandipora,385099,34.49750275,74.69995089
Bihar,Banka,2029339,24.8655681,86.87278642
West Bengal,Bankura,3596292,23.13195425,87.2073972
Rajasthan,Banswara,1798194,23.4930788,74.34840231
Uttar Pradesh,Barabanki,3257983,26.93823105,81.38609761
Jammu and Kashmir,Baramulla,1015503,34.20500565,74.36221081
Rajasthan,Baran,1223921,24.9171512,76.69640322
Uttar Pradesh,Bareilly,4465344,28.457876,79.40557094
Odisha,Bargarh,1478833,21.3477634,83.65768299
Rajasthan,Barmer,2604453,25.5819034,71.61966243
Punjab,Barnala,596294,30.3704685,75.50401742
Assam,Barpeta,1693190,26.34142215,91.01674328
Madhya Pradesh,Barwani,1385659,21.75194325,74.89175175
Chhattisgarh,Bastar,1302253,19.11912825,81.82918649
Uttar Pradesh,Basti,2461056,26.724789,82.79326865
Punjab,Bathinda,1388859,30.17911535,75.04710156
Maharashtra,Beed,2585962,18.9904059,75.7542291
Bihar,Begusarai,2954367,25.5127194,86.09057109
Karnataka,Belagavi,4778439,15.8572666,74.5069343
Karnataka,Bengaluru Rural,987257,13.18077825,77.34174237
Karnataka,Bengaluru Urban,9588910,12.94514225,77.553645
Madhya Pradesh,Betul,1575247,21.8796162,77.87568125
Uttar Pradesh,Bhadohi,1554203,25.42292275,82.48843708
Telangana,Bhadradri Kothagudem,1304811,17.71534525,80.57149762
Odisha,Bhadrak,1506522,21.0633288,86.5053731
Bihar,Bhagalpur,3032226,25.28669805,87.13225355
Maharashtra,Bhandara,1198810,27.6042854,84.64526208
Rajasthan,Bharatpur,2549121,27.26521245,77.36912555
Gujarat,Bharuch,1550822,21.75,73
Gujarat,Bhavnagar,2877961,21.7718836,72.1416449
Rajasthan,Bhilwara,2410459,25.48877345,74.69961284
Madhya Pradesh,Bhind,1703562,26.5,78.75
Haryana,Bhiwani,1629109,28.7931703,76.1391283
Bihar,Bhojpur,2720155,25.25,84.25
Madhya Pradesh,Bhopal,2368145,23.2584857,77.401989
Karnataka,Bidar,1700018,18.083333,77.333333
Chhattisgarh,Bijapur,229832,18.7935679,80.815939
Uttar Pradesh,Bijnor,3683896,29.40604895,78.4808784
Rajasthan,Bikaner,2367745,28.0159286,73.3171367
Chhattisgarh,Bilaspur,1961922,22.078642,82.152328
Himachal Pradesh,Bilaspur,382056,22.078642,82.152328
West Bengal,Birbhum,3502387,24,87.583333
Manipur,Bishnupur,240363,24.56246365,93.80124837
Assam,Biswanath,612491,26.7773957,93.25694367
Jharkhand,Bokaro,2061918,23.69912795,85.99106894
Assam,Bongaigaon,732639,26.4800126,90.5580387
Gujarat,Botad,656005,22.1686,71.6685
Odisha,Boudh,439917,20.8415619,84.3213321
Uttar Pradesh,Budaun,3712738,28.06831165,79.04607312
Jammu and Kashmir,Budgam,735753,34.04796585,74.74413978
Uttar Pradesh,Bulandshahr,3498507,28.38886085,77.97479773
Maharashtra,Buldhana,2588039,20.583333,76.416667
Rajasthan,Bundi,1113725,25.5,75.833333
Madhya Pradesh,Burhanpur,756993,26.2697215,82.99442537
Bihar,Buxar,1707643,25.5620715,84.01567205
Assam,Cachar,1736319,24.75863995,92.88166476
Karnataka,Chamarajanagara,1020962,11.9238058,76.9393558
Himachal Pradesh,Chamba,518844,32.518429,76.23086566
Uttarakhand,Chamoli,391114,30.4996323,79.61879246
Uttarakhand,Champawat,259315,29.23631315,80.10172077
Mizoram,Champhai,125370,23.6317319,93.34931854
Uttar Pradesh,Chandauli,1952713,25.1265777,83.24965577
Manipur,Chandel,144028,24.3197442,94.02109882
Chandigarh,Chandigarh,1055450,30.7334421,76.7797143
Maharashtra,Chandrapur,2194262,20,80
Arunachal Pradesh,Changlang,147951,27.1398402,95.7382485
Assam,Charaideo,471418,27.06971635,95.06426298
Haryana,Charkhi Dadri,502276,28.5919933,76.2719817
Jharkhand,Chatra,1042304,24.20162495,84.87817692
Tamil Nadu,Chengalpattu,2556244,12.6840886,79.9836371
Tamil Nadu,Chennai,7100000,13.0836939,80.270186
Madhya Pradesh,Chhatarpur,1762857,24.75,79.75
Madhya Pradesh,Chhindwara,2090306,22.13983105,78.80964495
Gujarat,Chhota Udaipur,1071831,22.3148736,74.0141067
Karnataka,Chikkaballapura,1254377,13.4358702,77.7312434
Karnataka,Chikkamagaluru,1137753,13.5,75.5
Assam,Chirang,481818,26.6464231,90.62415699
Karnataka,Chitradurga,1660378,14.2266443,76.4005122
Uttar Pradesh,Chitrakoot,990626,25.2195207,81.10228243
Andhra Pradesh,Chittoor,4170468,13.1601048,79.15555062
Rajasthan,Chittorgarh,1544392,24.718026,74.47214697
Manipur,Churachandpur,271274,24.378704,93.6970015
Rajasthan,Churu,2041172,28.2061443,74.6919073
Tamil Nadu,Coimbatore,3472578,11.0018115,76.9628425
West Bengal,Cooch Behar,2822780,26.3223696,89.4592445
Tamil Nadu,Cuddalore,2600880,11.7564329,79.7634644
Odisha,Cuttack,2618708,20.4686,85.8792
Dadra and Nagar Haveli and Daman and Diu,Dadra and Nagar Haveli,343709,20.2733604,73.0044988
Gujarat,Dahod,2126558,22.8358542,74.2556782
Chhattisgarh,Dakshin Bastar Dantewada,533638,18.49996,81.37964
West Bengal,Dakshin Dinajpur,1670931,25.38703085,88.50471505
Karnataka,Dakshina Kannada,2083625,12.9324457,74.9813132
Dadra and Nagar Haveli and Daman and Diu,Daman,191173,20.42000485,72.8637629
Madhya Pradesh,Damoh,1263703,23.75,79.583333
Gujarat,Dang,226769,20.6942515,73.5703741
Bihar,Darbhanga,3921971,26.08314325,86.03257097
West Bengal,Darjeeling,1842034,27.0377554,88.263176
Assam,Darrang,908090,26.75,92.5
Madhya Pradesh,Datia,786375,25.75,78.5
Rajasthan,Dausa,1637226,26.80486585,76.4437457
Karnataka,Davanagere,1946905,14.4661266,75.9206361
Uttarakhand,Dehradun,1698560,30.3255646,78.0436813
Delhi,Delhi,19814000,28.6517178,77.2219388
Odisha,Deogarh,312164,21.5370786,84.7301184
Jharkhand,Deoghar,1491879,24.4766423,86.60673245
Uttar Pradesh,Deoria,3098637,26.42384715,83.76273169
Gujarat,Devbhumi Dwarka,752484,23.61337385,72.36500658
Madhya Pradesh,Dewas,1563107,23,76.166667
Tripura,Dhalai,377988,23.8253158,91.97322267
Chhattisgarh,Dhamtari,799199,20.7083903,81.5485253
Jharkhand,Dhanbad,2682662,23.7952809,86.4309638
Madhya Pradesh,Dhar,2184672,22.5,75.25
Tamil Nadu,Dharmapuri,1502900,12.09680475,78.19304301
Karnataka,Dharwad,1846993,15.4540505,75.0066516
Assam,Dhemaji,688077,27.4668315,94.51786509
Odisha,Dhenkanal,1192948,20.75,85.5
Rajasthan,Dholpur,1207293,26.7010642,77.896749
Assam,Dhubri,1948632,26.01894625,89.94188952
Maharashtra,Dhule,2048781,21.13050145,74.47891181
Assam,Dibrugarh,1327748,27.4844597,94.9019447
Assam,Dima Hasao,213529,25.40036255,93.07522923
Nagaland,Dimapur,379769,25.9136459,93.7283456
Tamil Nadu,Dindigul,2161367,10.3303299,78.06739791
Madhya Pradesh,Dindori,704218,20.25527235,73.80730056
Dadra and Nagar Haveli and Daman and Diu,Diu,52074,20.71817495,70.93238341
Jammu and Kashmir,Doda,409576,33.1774307,75.56752282
Jharkhand,Dumka,1321096,24.2538512,87.30064714
Rajasthan,Dungarpur,1388906,23.666667,73.75
Chhattisgarh,Durg,3343079,21.19903535,81.39795456
Bihar,East Champaran,5082868,26.583333,84.833333
Meghalaya,East Garo Hills,317618,25.61849455,90.63421622
Andhra Pradesh,East Godavari,5151549,17.233496,81.7225986
Meghalaya,East Jaintia Hills,122436,25.25157605,92.48405007
Arunachal Pradesh,East Kameng,78413,27.3,93.05
Meghalaya,East Khasi Hills,824059,25.40568085,91.83546771
Arunachal Pradesh,East Siang,99019,28.3,95.15
Sikkim,East Sikkim,281293,27.3084,88.6724
Jharkhand,East Singhbhum,2291032,22.8092139,86.2091549
Kerala,Ernakulam,3279860,9.98408,76.2741457
Tamil Nadu,Erode,2259608,11.3692044,77.67662687
Uttar Pradesh,Etah,1761152,27.5541146,78.6007864
Uttar Pradesh,Etawah,1579160,26.71832435,79.09025375
Haryana,Faridabad,1798954,28.4029786,77.3103837
Punjab,Faridkot,618008,30.60092505,74.79477423
Uttar Pradesh,Farrukhabad,1887577,27.43719385,79.48912947
Haryana,Fatehabad,941522,29.4688301,75.52107147
Punjab,Fatehgarh Sahib,599814,30.6600764,76.38002164
Uttar Pradesh,Fatehpur,2632684,25.8435395,80.91800397
Punjab,Fazilka,1180483,30.3360996,74.11794319
Punjab,Ferozepur,2026831,30.6839733,76.3594033
Uttar Pradesh,Firozabad,2496761,27.17736635,78.38991198
Karnataka,Gadag,1065235,15.434515,76.5294783
Maharashtra,Gadchiroli,1071795,19.75907035,80.16228073
Odisha,Gajapati,575880,19.19557415,84.19297736
Jammu and Kashmir,Ganderbal,297003,34.1934255,74.83434977
Gujarat,Gandhinagar,1387478,23.2232877,72.6492267
Rajasthan,Ganganagar,1969520,23.7497214,91.87663495
Odisha,Ganjam,3520151,19.4129711,85.04710406
Jharkhand,Garhwa,1322387,24.15529035,83.82522584
Chhattisgarh,Gariaband,597653,20.42857015,82.24698985
Chhattisgarh,Gaurela Pendra Marwahi,336420,22.8322152,81.95776399
Uttar Pradesh,Gautam Buddha Nagar,1674714,28.36760975,77.59740326
Bihar,Gaya,4379383,24.7964355,85.0079563
Uttar Pradesh,Ghaziabad,4661452,28.711241,77.4445372
Uttar Pradesh,Ghazipur,3622727,25.6035084,83.50745405
Gujarat,Gir Somnath,1217477,20.9911049,70.68806405
Jharkhand,Giridih,2445203,24.1608897,86.25113503
Assam,Goalpara,1008959,26.1783623,90.6226683
Jharkhand,Godda,1311382,24.74334305,87.29285062
Assam,Golaghat,1058674,26.40490095,94.03209112
Tripura,Gomati,436868,23.4613369,91.60718004
Uttar Pradesh,Gonda,3431386,27.1096669,81.91832912
Maharashtra,Gondia,1322331,-0.0891,97.8567
Bihar,Gopalganj,2558037,26.4207265,84.37406407
Uttar Pradesh,Gorakhpur,4436275,26.67132865,83.36458284
Jharkhand,Gumla,1025656,23.0916741,84.57384807
Madhya Pradesh,Guna,1240938,24.5,77.5
Andhra Pradesh,Guntur,4889230,16.2915189,80.4541588
Punjab,Gurdaspur,2299026,32.166667,75.316667
Haryana,Gurugram,1514085,28.4646148,77.0299194
Madhya Pradesh,Gwalior,2030543,26.2037247,78.1573628
Assam,Hailakandi,659260,24.68845365,92.57381528
Himachal Pradesh,Hamirpur,454293,25.75,80
Uttar Pradesh,Hamirpur,1104021,25.75,80
Rajasthan,Hanumangarh,1779650,29.36720015,74.29836365
Uttar Pradesh,Hapur,1338211,28.7406125,77.83542557
Madhya Pradesh,Harda,570302,22.3388828,77.0929933
Uttar Pradesh,Hardoi,4091380,27.33857665,80.09752646
Uttarakhand,Haridwar,1927029,29.9384473,78.1452985
Karnataka,Hassan,1776221,13.0070817,76.0992703
Uttar Pradesh,Hathras,1565678,27.57324325,78.11173867
Karnataka,Haveri,1598506,14.7874825,75.3996731
Jharkhand,Hazaribagh,1734005,23.9675151,85.43884569
Maharashtra,Hingoli,1178973,19.54140965,77.17376601
Haryana,Hisar,1742815,29.168807,75.7461103
Mizoram,Hnahthial,7187,22.9663656,93.01026449
Assam,Hojai,931218,26.00939085,92.84879014
West Bengal,Hooghly,5520389,22.9052114,88.3760639
Madhya Pradesh,Hoshangabad,1240975,22.6001502,77.92664521
Punjab,Hoshiarpur,1582793,31.60857425,75.84644247
West Bengal,Howrah,4841638,22.5736296,88.3251045
Telangana,Hyderabad,3441992,17.360589,78.4740613
Kerala,Idukki,1107453,9.8497872,76.9797914
Manipur,Imphal East,452661,24.85154025,94.00947958
Manipur,Imphal West,514683,24.757326,93.85847858
Madhya Pradesh,Indore,3272335,22.7203616,75.8681996
Madhya Pradesh,Jabalpur,2460714,23.1608938,79.9497702
Odisha,Jagatsinghpur,1136604,20.2593872,86.1660878
Telangana,Jagtial,983414,18.82135895,78.91506633
Rajasthan,Jaipur,6663971,26.9154576,75.8189817
Rajasthan,Jaisalmer,672008,27.02801615,70.77850562
Odisha,Jajpur,1826275,20.8522696,86.3385714
Punjab,Jalandhar,2181753,31.29201065,75.56805772
Uttar Pradesh,Jalaun,1670718,26.105546,79.42765265
Maharashtra,Jalgaon,4224442,20.84351185,75.52592659
Maharashtra,Jalna,1958483,19.9182328,75.86862469
Rajasthan,Jalore,1830151,25.3476006,72.6260916
West Bengal,Jalpaiguri,3869675,26.62648365,88.73407701
Jammu and Kashmir,Jammu,1526406,32.7185614,74.8580917
Gujarat,Jamnagar,2159130,22.4732415,70.0552102
Jharkhand,Jamtara,790207,23.9232867,86.77353494
Bihar,Jamui,1756078,24.96785205,86.17351147
Telangana,Jangaon,582457,17.7465843,79.24072183
Chhattisgarh,Janjgir Champa,1620632,21.9671264,82.66472425
Chhattisgarh,Jashpur,852043,22.76678355,83.95304519
Uttar Pradesh,Jaunpur,4476072,25.7955927,82.48834098
Telangana,Jayashankar Bhupalapally,712257,18.5159872,79.9693966
Bihar,Jehanabad,1124176,25.15247135,85.00687849
Madhya Pradesh,Jhabua,1024091,22.88585225,74.72513369
Haryana,Jhajjar,956907,28.53364155,76.68981478
Rajasthan,Jhalawar,1411327,24.3132368,76.52223626
Uttar Pradesh,Jhansi,2000755,25.53103115,78.65268902
West Bengal,Jhargram,1136548,22.3770636,87.04867177
Odisha,Jharsuguda,579499,21.87705125,84.00905064
Rajasthan,Jhunjhunu,2139658,28.1287995,75.3992581
Haryana,Jind,1332042,29.30182625,76.33847077
Manipur,Jiribam,43818,24.6778472,93.15490009
Rajasthan,Jodhpur,3685681,26.2967719,73.0351433
Telangana,Jogulamba Gadwal,664971,16.0999202,77.73415835
Assam,Jorhat,1091295,26.7577925,94.2079645
Gujarat,Junagadh,2742291,21.5174104,70.4642754
Chhattisgarh,Kabeerdham,584667,21.2514,81.6296
Bihar,Kaimur,1626900,24.97486435,83.57643905
Haryana,Kaithal,1072861,29.82282075,76.37830987
Manipur,Kakching,135481,24.38904015,93.8801324
Karnataka,Kalaburagi,2564892,17.166667,77.083333
Odisha,Kalahandi,1573054,19.75,83
West Bengal,Kalimpong,251642,27.0702869,88.4723676
Tamil Nadu,Kallakurichi,1370281,11.7406259,78.9637131
Telangana,Kamareddy,972625,18.316551,78.05393808
Manipur,Kamjong,45616,24.8409769,94.52830741
Arunachal Pradesh,Kamle,22256,27.629,84.7645667
Assam,Kamrup,1517202,26.12755515,91.29987148
Assam,Kamrup Metropolitan,1260419,26.13526375,91.86167063
Tamil Nadu,Kancheepuram,1166401,12.87960515,79.70427615
Odisha,Kandhamal,731952,20.13069385,84.07904761
Manipur,Kangpokpi,193744,25.1524326,93.9714932
Himachal Pradesh,Kangra,1507223,32.06854705,76.24336792
Uttar Pradesh,Kannauj,1658005,26.9996974,79.68861213
Kerala,Kannur,2525637,11.8762254,75.3738043
Uttar Pradesh,Kanpur Dehat,1795092,26.4600465,79.85551
Uttar Pradesh,Kanpur Nagar,4572951,26.4402119,80.26930513
Tamil Nadu,Kanyakumari,1863178,8.079252,77.5499338
Punjab,Kapurthala,817668,31.38524095,75.30552274
Puducherry,Karaikal,200222,10.91571,79.8375761
Rajasthan,Karauli,1458459,26.51668105,77.05772977
Assam,Karbi Anglong,965280,26,93.5
Ladakh,Kargil,143000,34.5594418,76.1255982
Assam,Karimganj,1217002,24.8483482,92.33221292
Telangana,Karimnagar,1016063,18.4346438,79.1322648
Haryana,Karnal,1506323,29.6803266,76.9896254
Tamil Nadu,Karur,1076588,10.9301522,78.08485455
Kerala,Kasaragod,1302600,12.5035635,74.990834
Uttar Pradesh,Kasganj,1438156,27.88384605,78.63489004
Jammu and Kashmir,Kathua,615711,32.4288215,75.56286458
Bihar,Katihar,3068149,25.56090035,87.64765354
Madhya Pradesh,Katni,1291684,23.8339621,80.392456
Uttar Pradesh,Kaushambi,1596909,25.53609455,81.44672839
Odisha,Kendrapara,1439891,20.50040085,86.43170623
Odisha,Kendujhar,1802777,21.5892323,85.66878414
Bihar,Khagaria,1657599,25.4916868,86.69910848
Telangana,Khammam,1401639,17.5,80.333333
Madhya Pradesh,Khandwa,1309443,21.9778642,76.56882823
Madhya Pradesh,Khargone,1872413,21.8187743,75.6064577
Mizoram,Khawzawl,13113,23.4877894,93.14029427
Gujarat,Kheda,2298934,22.75,72.833333
Odisha,Khordha,2246341,20.22564715,85.56059465
Tripura,Khowai,327391,24.04673835,91.62320954
Jharkhand,Khunti,530299,23.10018105,85.34545936
Himachal Pradesh,Kinnaur,84298,31.586346,78.3968441
Nagaland,Kiphire,74033,25.81551155,94.841664
Bihar,Kishanganj,1690948,26.29863795,87.95314811
Jammu and Kashmir,Kishtwar,230696,33.2761171,75.81692388
Karnataka,Kodagu,554762,12.38217745,75.66531992
Jharkhand,Koderma,717169,24.4931239,85.55608107
Nagaland,Kohima,270063,25.75,94.166667
Assam,Kokrajhar,886999,26.58687695,90.29293105
Karnataka,Kolar,1540231,13.1369996,78.1339606
Mizoram,Kolasib,83054,24.18947525,92.71331813
Maharashtra,Kolhapur,3874015,16.7028412,74.2405329
West Bengal,Kolkata,4486679,22.5414185,88.35769124
Kerala,Kollam,2629703,8.8879509,76.5955013
Telangana,Komaram Bheem,515835,17.53073675,78.3911827
Chhattisgarh,Kondagaon,578326,19.5885769,81.6628742
Karnataka,Koppal,1391292,15.3484144,76.1547421
Odisha,Koraput,1376934,18.7232023,82.60811828
Chhattisgarh,Korba,1206563,22.51976955,82.62951462
Chhattisgarh,Koriya,659039,23.43141435,82.31393341
Rajasthan,Kota,1950491,25.1968256,76.00089331
Kerala,Kottayam,1979384,9.6287383,76.64553257
Kerala,Kozhikode,3089543,11.2450558,75.7754716
Arunachal Pradesh,Kra Daadi,22290,27.96354175,93.76656539
Andhra Pradesh,Krishna,4529009,16.6691525,80.7190024
Tamil Nadu,Krishnagiri,1883731,12.5188835,78.2206536
Jammu and Kashmir,Kulgam,422786,33.66980055,75.01480232
Himachal Pradesh,Kullu,437474,32.00186325,77.3789964
Jammu and Kashmir,Kupwara,875564,34.6110236,74.23847867
Andhra Pradesh,Kurnool,4046601,15.8309251,78.0425373
Haryana,Kurukshetra,964231,29.9693747,76.8482787
Arunachal Pradesh,Kurung Kumey,89717,27.98636765,93.15783469
Uttar Pradesh,Kushinagar,3560830,26.7438272,83.9162322
Gujarat,Kutch,2090313,38.910548,-103.8693974
Himachal Pradesh,Lahaul and Spiti,31528,32.5038495,77.58227188
Assam,Lakhimpur,1040644,27.98506015,80.75384538
Uttar Pradesh,Lakhimpur Kheri,4013634,27.98506015,80.75384538
Bihar,Lakhisarai,1000717,25.1677029,86.05935924
Lakshadweep,Lakshadweep,64473,10.8132489,73.68046209
Uttar Pradesh,Lalitpur,1218002,24.70038485,78.51866759
Jharkhand,Latehar,725673,23.74186545,84.51301367
Maharashtra,Latur,2455543,18.35146855,76.75512122
Mizoram,Lawngtlai,117444,22.34596495,92.81195361
Ladakh,Leh,147000,34.1642029,77.5848133
Arunachal Pradesh,Lepa Rada,20865,27.9211266,94.7409362
Jharkhand,Lohardaga,461738,23.46920055,84.73568423
Arunachal Pradesh,Lohit,145538,28.03501615,96.17135154
Arunachal Pradesh,Longding,60000,26.8794546,95.31556525
Nagaland,Longleng,50593,26.49031725,94.77214247
Arunachal Pradesh,Lower Dibang Valley,53986,28.21495625,95.87877404
Arunachal Pradesh,Lower Siang,80597,27.80069825,94.56502334
Arunachal Pradesh,Lower Subansiri,82839,27.8,93.6
Uttar Pradesh,Lucknow,4588455,26.8381,80.9346001
Punjab,Ludhiana,3487882,30.9090157,75.851601
Mizoram,Lunglei,154094,22.898553,92.75192292
Bihar,Madhepura,1994618,25.9259562,86.82042961
Bihar,Madhubani,4476044,26.350072,86.22914689
Tamil Nadu,Madurai,3991038,9.9261153,78.1140983
Telangana,Mahabubabad,1318110,17.7138983,80.04134253
Telangana,Mahabubnagar,919903,16.69656855,77.95911462
Uttar Pradesh,Maharajganj,2665292,27.09254225,83.56696261
Chhattisgarh,Mahasamund,1032275,21.1882332,82.48484762
Puducherry,Mahe,41816,11.7021978,75.5364701
Haryana,Mahendragarh,921680,28.25,76.166667
Gujarat,Mahisagar,994624,23.1916967,73.6626353
Uttar Pradesh,Mahoba,876055,25.36176885,79.70499475
Uttar Pradesh,Mainpuri,1847194,27.2098219,79.04813701
Assam,Majuli,167304,27.02195285,94.32742303
Kerala,Malappuram,4110956,11.10684475,76.1099551
West Bengal,Malda,3997970,25.0057449,88.1398483
Odisha,Malkangiri,612727,18.35835435,81.89823749
Mizoram,Mamit,85757,23.75590845,92.45173569
Telangana,Mancherial,807037,18.8761795,79.4449696
Himachal Pradesh,Mandi,999518,31.6723392,76.95331691
Madhya Pradesh,Mandla,1053522,22.68536625,80.58150562
Madhya Pradesh,Mandsaur,1339832,24.2651306,75.38718194
Karnataka,Mandya,1808680,12.5238888,76.8961961
Punjab,Mansa,768808,29.8769971,75.48898661
Uttar Pradesh,Mathura,2541894,27.633333,77.583333
Uttar Pradesh,Mau,2205170,26.0376878,83.49793418
Tamil Nadu,Mayiladuthurai,901000,11.1551822,79.62739426
Odisha,Mayurbhanj,2513895,21.75,86.5
Telangana,Medak,767428,17.9375095,78.21174499
Telangana,Medchal Malkajgiri,2542203,17.53498345,78.52463874
Uttar Pradesh,Meerut,3447405,29.00065255,77.76822875
Gujarat,Mehsana,2027727,23.60126285,72.37415155
Uttar Pradesh,Mirzapur,2494533,24.9356347,82.6477013
Punjab,Moga,992289,30.7839866,75.16057423
Nagaland,Mokokchung,193171,26.4795861,94.51052755
Nagaland,Mon,259604,26.75,94.833333
Uttar Pradesh,Moradabad,4773138,28.8638424,78.80577833
Gujarat,Morbi,960329,22.8176662,70.8345928
Madhya Pradesh,Morena,1965137,26.166667,77.5
Assam,Morigaon,957853,26.2551844,92.32883055
Telangana,Mulugu,294671,18.1932372,79.9413676
Maharashtra,Mumbai,12442373,19.0759899,72.8773928
Chhattisgarh,Mungeli,701707,22.0661098,81.6874282
Bihar,Munger,1359054,25.22081165,86.51720367
West Bengal,Murshidabad,7102430,24.1745993,88.2721335
Uttar Pradesh,Muzaffarnagar,4138605,29.44800635,77.74068503
Bihar,Muzaffarpur,4778610,26.1486581,85.34001282
Karnataka,Mysuru,2994744,12.3051828,76.6553609
Odisha,Nabarangapur,1218762,19.60962325,82.29876854
West Bengal,Nadia,5168488,23.48454125,88.55676307
Assam,Nagaon,2826006,26.30414915,92.71605974
Tamil Nadu,Nagapattinam,1614069,10.8056276,79.82465978
Telangana,Nagarkurnool,893308,16.41576265,78.68304333
Rajasthan,Nagaur,3309234,27.0607859,74.17667538
Maharashtra,Nagpur,4653171,21.1498134,79.0820556
Uttarakhand,Nainital,955128,29.2031392,79.4176945
Bihar,Nalanda,2872523,25.1364914,85.44365465
Assam,Nalbari,769919,26.42386165,91.45122755
Telangana,Nalgonda,1631399,16.8579636,79.21749353
Tamil Nadu,Namakkal,1721179,11.28422485,78.16615284
Arunachal Pradesh,Namsai,95950,27.71403055,96.01597094
Maharashtra,Nanded,3356566,19.17257215,77.29141237
Maharashtra,Nandurbar,1646177,21.36599895,74.28400358
Telangana,Narayanpet,566874,16.70055175,77.61648447
Chhattisgarh,Narayanpur,140206,26.96392335,93.82558574
Gujarat,Narmada,590379,22.6737188,77.5795269
Madhya Pradesh,Narsinghpur,1092141,22.9467047,79.1980228
Maharashtra,Nashik,6109052,20.0112475,73.7902364
Gujarat,Navsari,1330711,20.952407,72.9323831
Bihar,Nawada,2216653,24.818124,85.51855623
Odisha,Nayagarh,962215,20.1160666,85.11195644
Madhya Pradesh,Neemuch,825958,24.63044655,75.18339615
Andaman and Nicobar Islands,Nicobars,36842,7.1205,93.7842
Tamil Nadu,Nilgiris,735071,11.4,76.7
Telangana,Nirmal,709415,19.09152095,78.39660898
Madhya Pradesh,Niwari,404807,25.3124704,78.66785017
Telangana,Nizamabad,1534428,26.05531795,82.99313868
Manipur,Noney,3854,24.8625867,93.6237454
West Bengal,North 24 Parganas,10082852,22.7182799,88.64248091
Andaman and Nicobar Islands,North and Middle Andaman,105597,12.61123865,92.83165406
Meghalaya,North Garo Hills,118325,25.8619841,90.70177049
Goa,North Goa,817761,15.60444125,74.00172406
Sikkim,North Sikkim,43354,27.74891905,88.52143871
Tripura,North Tripura,415946,24.0921476,92.24512135
Odisha,Nuapada,606490,20.76909975,82.51862846
Haryana,Nuh,1089406,28.09734515,77.05085582
Maharashtra,Osmanabad,1660311,18.16984395,76.11796321
Arunachal Pradesh,Pakke Kessang,9839,27.15828555,93.15615024
Jharkhand,Pakur,899200,24.6379064,87.8556962
Kerala,Palakkad,2810892,10.78789845,76.47408711
Jharkhand,Palamu,1936319,23.916667,84.083333
Maharashtra,Palghar,2990116,19.68086385,72.82537343
Rajasthan,Pali,2038533,25.6040908,73.41560879
Haryana,Palwal,1040493,28.1769589,77.37311204
Haryana,Panchkula,558890,30.61621645,77.04197804
Gujarat,Panchmahal,2388267,28.6271026,77.31016494
Haryana,Panipat,1202811,29.3912753,76.9771675
Madhya Pradesh,Panna,1016028,24.5,80.25
Arunachal Pradesh,Papum Pare,176385,27.28636665,93.61875168
Maharashtra,Parbhani,1835982,19.29031365,76.60290343
West Bengal,Paschim Bardhaman,2882031,23.64260775,87.16448126
West Bengal,Paschim Medinipur,5094238,22.3599134,87.41331448
Gujarat,Patan,1342746,23.77405735,71.68373466
Kerala,Pathanamthitta,1195537,9.2780841,76.9737443
Punjab,Pathankot,626154,32.2692452,75.6528858
Punjab,Patiala,2892282,30.2090874,76.33987209
Bihar,Patna,5772804,25.6093239,85.1235252
Uttarakhand,Pauri Garhwal,686527,29.84591115,78.70766746
Telangana,Peddapalli,795332,18.62065305,79.49501711
Tamil Nadu,Perambalur,564511,11.2287716,78.81825555
Nagaland,Peren,163294,25.47907705,93.72563659
Nagaland,Phek,163294,25.75,94.5
Manipur,Pherzawl,47250,24.2595653,93.1906004
Uttar Pradesh,Pilibhit,2037225,28.49520765,80.1075408
Uttarakhand,Pithoragarh,485993,30.12666775,80.48338014
Gujarat,Porbandar,586062,21.6409,69.611
Andhra Pradesh,Prakasam,3392764,15.5,79.5
Rajasthan,Pratapgarh,868231,25.75,81.75
Uttar Pradesh,Pratapgarh,3173752,25.75,81.75
Uttar Pradesh,Prayagraj,5959798,25.4381302,81.8338005
Puducherry,Puducherry,950289,11.9340568,79.8306447
Tamil Nadu,Pudukkottai,1918725,10.5,78.833333
Jammu and Kashmir,Pulwama,570060,33.89829355,74.89634094
Jammu and Kashmir,Punch,476820,33.98258,74.2066866
Maharashtra,Pune,9426959,18.521428,73.8544541
West Bengal,Purba Bardhaman,4835532,23.391717,87.90621212
West Bengal,Purba Medinipur,4417377,22.06217445,87.83672383
Odisha,Puri,1697983,19.8076083,85.8252538
Bihar,Purnia,3273127,26,87.5
West Bengal,Purulia,2927965,23.032189,89.5911025
Uttar Pradesh,Rae Bareli,3404004,26.25,81.25
Karnataka,Raichur,1924773,16.083333,77.166667
Maharashtra,Raigad,2635394,18.4928092,73.13807095
Chhattisgarh,Raigarh,1493627,22.5,83.5
Chhattisgarh,Raipur,4062160,21.2379469,81.6336833
Madhya Pradesh,Raisen,1331699,23.25,78.083333
Telangana,Rajanna Sircilla,546121,18.452116,78.76455837
Madhya Pradesh,Rajgarh,1546541,23.87167135,76.7748902
Gujarat,Rajkot,3157676,22.3051991,70.8028335
Chhattisgarh,Rajnandgaon,1537520,20.9727404,80.69155548
Jammu and Kashmir,Rajouri,619266,33.3772495,74.3132332
Rajasthan,Rajsamand,1158283,25.29131615,73.82449247
Karnataka,Ramanagara,1082739,12.7252766,77.2804797
Tamil Nadu,Ramanathapuram,1337560,9.3895523,78.85907072
Jammu and Kashmir,Ramban,283313,33.2116371,75.20509891
Jharkhand,Ramgarh,949159,23.59877595,85.53691565
Uttar Pradesh,Rampur,2335398,28.79406825,79.18593045
Jharkhand,Ranchi,2912022,23.3700354,85.3250132
Telangana,Ranga Reddy,2551731,12.9554461,80.2530374
Tamil Nadu,Ranipet,1210277,12.9272641,79.3330076
Madhya Pradesh,Ratlam,1454483,23.4805919,74.91778971
Maharashtra,Ratnagiri,1612672,17.2826079,73.4569787
Odisha,Rayagada,961959,19.17209585,83.33503085
Jammu and Kashmir,Reasi,314714,33.06910315,74.83786982
Madhya Pradesh,Rewa,2363744,24.75926685,81.65500021
Haryana,Rewari,896129,28.1956468,76.6165179
Meghalaya,Ribhoi,258380,25.8432,91.9856
Haryana,Rohtak,1058683,28.9010899,76.5801935
Bihar,Rohtas,2962593,24.93928775,84.01945449
Uttarakhand,Rudraprayag,236857,30.3009965,79.06287965
Punjab,Rupnagar,683349,31.09168085,76.52726739
Punjab,S.A.S. Nagar,986147,30.676694,76.70848831
Andhra Pradesh,S.P.S. Nellore,2966082,14.2581,79.9193
Gujarat,Sabarkantha,2427346,24.0294885,73.0459884
Madhya Pradesh,Sagar,2378295,23.80961225,78.75911361
Uttar Pradesh,Saharanpur,3464228,29.9880774,77.50812995
Bihar,Saharsa,1897102,25.83264165,86.61489283
Jharkhand,Sahibganj,1150038,25.2820998,87.61850784
Mizoram,Saiha,56366,22.4995518,92.97798989
Mizoram,Saitual,50575,23.81285685,92.97279748
Tamil Nadu,Salem,3480008,44.9391565,-123.033121
Bihar,Samastipur,4254782,25.7744929,85.86626813
Jammu and Kashmir,Samba,318611,12.7052899,-2.400725142
Odisha,Sambalpur,1044410,21.4,83.883333
Uttar Pradesh,Sambhal,2217020,28.61875255,78.55087405
Telangana,Sangareddy,1527628,17.86859205,77.82281995
Maharashtra,Sangli,2820575,16.8502534,74.5948885
Punjab,Sangrur,1654408,30.2093363,75.81842243
Uttar Pradesh,Sant Kabir Nagar,1714300,26.75664945,83.1362123
Jharkhand,Saraikela-Kharsawan,1063458,22.7464225,85.91689291
Bihar,Saran,3943098,25.90835495,84.78074761
Maharashtra,Satara,3003922,17.63612885,74.29827808
Madhya Pradesh,Satna,2228619,24.5,81
Rajasthan,Sawai Madhopur,1338114,26.22914115,76.30453277
Madhya Pradesh,Sehore,1311008,23.1156882,77.06623939
Manipur,Senapati,354772,25.3804396,94.05698542
Madhya Pradesh,Seoni,1378876,22.2758789,79.72104465
Mizoram,Serchhip,64875,23.3858923,92.93059891
Madhya Pradesh,Shahdol,1064989,23.3002343,81.364771
Punjab,Shahid Bhagat Singh Nagar,614362,28.59474195,77.08914329
Uttar Pradesh,Shahjahanpur,3002376,27.91263315,79.74656295
Madhya Pradesh,Shajapur,1512353,23.37074105,76.62051527
Uttar Pradesh,Shamli,1274815,29.5008816,77.34838259
Bihar,Sheikhpura,634927,25.12635425,85.81510621
Bihar,Sheohar,656916,26.49436945,85.2728056
Madhya Pradesh,Sheopur,687952,25.6656611,76.6954843
Arunachal Pradesh,Shi Yomi,13310,28.68516625,94.23678241
Himachal Pradesh,Shimla,813384,31.1041526,77.1709729
Karnataka,Shivamogga,1755512,13.9326093,75.574978
Madhya Pradesh,Shivpuri,1725818,25.37524125,77.82811933
Jammu and Kashmir,Shopiyan,265960,33.7594,74.8039
Uttar Pradesh,Shrawasti,1114615,19.1558325,72.8403354
Arunachal Pradesh,Siang,31920,-6.0172085,146.9508128
Uttar Pradesh,Siddharthnagar,2553526,27.2786386,83.0639536
Telangana,Siddipet,993376,18.0055851,78.89611305
Madhya Pradesh,Sidhi,1126515,24.25,82
Rajasthan,Sikar,2677737,27.662826,75.02792629
Jharkhand,Simdega,599813,22.6664325,84.55026791
Maharashtra,Sindhudurg,848868,16.1357193,73.6522086
Madhya Pradesh,Singrauli,1178132,24.1974432,82.6661453
Tripura,Sipahijala,484233,23.6148,91.3276
Himachal Pradesh,Sirmaur,530164,30.75,77.5
Rajasthan,Sirohi,1037185,24.8114047,72.83002573
Haryana,Sirsa,1295114,29.583333,75.083333
Bihar,Sitamarhi,3419622,26.5876547,85.5056744
Uttar Pradesh,Sitapur,4474446,27.5046392,80.82946583
Tamil Nadu,Sivaganga,1341250,9.851231,78.53047155
Assam,Sivasagar,1150253,26.9834936,94.6394226
Bihar,Siwan,3318176,26.1310043,84.39125661
Himachal Pradesh,Solan,576670,30.92589585,77.08200509
Maharashtra,Solapur,4315527,17.84990665,75.27632027
Uttar Pradesh,Sonbhadra,1862612,24.38657525,83.07863061
Haryana,Sonipat,1480080,29.0033144,77.0167323
Assam,Sonitpur,1925975,26.76777075,92.70140886
West Bengal,South 24 Parganas,8153176,22.1815262,88.54843767
Andaman and Nicobar Islands,South Andaman,238142,10.7056905,92.4874679
Meghalaya,South Garo Hills,142574,25.347969,90.56577726
Goa,South Goa,639962,15.21961365,74.1152813
Assam,South Salmara Mankachar,555114,25.7604472,89.89280611
Tripura,South Tripura,433737,23.5,91.666667
Meghalaya,South West Garo Hills,172495,25.4480527,89.9987853
Meghalaya,South West Khasi Hills,110152,25.3307221,91.32645014
Punjab,Sri Muktsar Sahib,902702,30.4692,74.5182
Andhra Pradesh,Srikakulam,2699471,18.32002205,83.9160772
Jammu and Kashmir,Srinagar,1269751,34.0747444,74.8204443
Odisha,Subarnapur,652107,27.2274941,84.71486465
Chhattisgarh,Sukma,249000,18.26654225,81.29252341
Uttar Pradesh,Sultanpur,3790922,26.24251085,82.29616932
Odisha,Sundargarh,2080664,22.13327195,83.9796528
Bihar,Supaul,2228397,26.2768118,86.79658663
Chhattisgarh,Surajpur,660280,23.35151515,82.97290273
Gujarat,Surat,4996391,45.9383,3.2553
Gujarat,Surendranagar,1755873,22.75,71.666667
Chhattisgarh,Surguja,420661,22.94941835,83.16554915
Telangana,Suryapet,1099560,17.08001385,79.79253297
Manipur,Tamenglong,140143,24.9354013,93.56791112
Gujarat,Tapi,806489,21.1787195,75.44245
Punjab,Tarn Taran,1120070,31.32124525,74.84130629
Arunachal Pradesh,Tawang,49950,27.5879186,91.863733
Uttarakhand,Tehri Garhwal,616409,30.5,78.666667
Manipur,Tengnoupal,84988,24.31392145,94.23756082
Tamil Nadu,Tenkasi,1407627,9.0318958,77.36536125
Maharashtra,Thane,11060148,19.1943294,72.9701779
Tamil Nadu,Thanjavur,2402781,10.7860267,79.1381497
Tamil Nadu,Theni,1243684,9.9696643,77.47420049
Tamil Nadu,Thiruvallur,3725697,13.13014755,79.92435386
Kerala,Thiruvananthapuram,3307284,8.5241122,76.9360573
Tamil Nadu,Thiruvarur,1268094,10.73618605,79.63318659
Tamil Nadu,Thoothukkudi,1738376,8.7567452,78.07975266
Manipur,Thoubal,420517,24.624587,94.04247928
Kerala,Thrissur,3110327,10.5256264,76.2132542
Madhya Pradesh,Tikamgarh,1444920,24.85450275,79.04698124
Assam,Tinsukia,1316948,27.52016575,95.53063473
Arunachal Pradesh,Tirap,111997,27.03016895,95.49791755
Tamil Nadu,Tiruchirappalli,2713858,10.804973,78.6870296
Tamil Nadu,Tirunelveli,1665253,8.7012203,77.5792694
Tamil Nadu,Tirupathur,1111812,12.4533064,78.55290857
Tamil Nadu,Tiruppur,2471222,11.1017815,77.345192
Tamil Nadu,Tiruvannamalai,2468965,12.22721295,79.07015555
Rajasthan,Tonk,1421711,26.12214725,75.66375374
Nagaland,Tuensang,414801,26.1685055,94.85819822
Karnataka,Tumakuru,2681449,13.3400771,77.1006208
Rajasthan,Udaipur,3067549,24.578721,73.6862571
Assam,Udalguri,832769,26.70472375,92.04215071
Uttarakhand,Udham Singh Nagar,1648367,29.0480988,79.43131332
Jammu and Kashmir,Udhampur,555357,32.98884975,75.12979904
Karnataka,Udupi,1177908,13.3419169,74.7473232
Madhya Pradesh,Ujjain,1986864,23.174597,75.7851423
Manipur,Ukhrul,183115,25.10926685,94.38239282
Madhya Pradesh,Umaria,643579,23.64319305,80.94239522
Himachal Pradesh,Una,521057,31.583333,76.25
Uttar Pradesh,Unnao,3110595,26.57550365,80.61376178
Tripura,Unokoti,277335,24.19098485,92.04604831
Arunachal Pradesh,Upper Dibang Valley,7948,28.83416675,95.94523415
Arunachal Pradesh,Upper Siang,35289,28.73120455,95.03773151
Arunachal Pradesh,Upper Subansiri,83205,28.3,94
Chhattisgarh,Uttar Bastar Kanker,748593,20.1270026,80.98109349
West Bengal,Uttar Dinajpur,3000849,25.8707958,87.96259728
Karnataka,Uttara Kannada,1353299,14.72447415,74.64223734
Uttarakhand,Uttarkashi,329686,30.9654214,78.63368731
Gujarat,Vadodara,3639775,22.2973142,73.1942567
Bihar,Vaishali,3495021,25.95322565,85.1445776
Gujarat,Valsad,1703068,20.4324018,73.14117156
Uttar Pradesh,Varanasi,3682194,25.3356491,83.0076292
Tamil Nadu,Vellore,1614242,12.7948109,79.0006411
Madhya Pradesh,Vidisha,1458212,23.916667,78
Karnataka,Vijayapura,2175102,16.666667,75.916667
Telangana,Vikarabad,881250,17.2702855,77.74529701
Tamil Nadu,Viluppuram,2093003,11.9137874,79.50789298
Tamil Nadu,Virudhunagar,1943309,9.5208936,77.8784564
Andhra Pradesh,Visakhapatnam,4288113,17.7231276,83.3012842
Andhra Pradesh,Vizianagaram,2342868,18.1120819,83.40521962
Telangana,Wanaparthy,751553,16.2852944,77.98644727
Telangana,Warangal Rural,716457,17.94854255,79.81612399
Telangana,Warangal Urban,1135707,18.02625695,79.46444494
Maharashtra,Wardha,1296157,20.82562315,78.6131455
Maharashtra,Washim,1196714,20.28792095,77.23606281
Kerala,Wayanad,816558,11.715219,76.12690295
Bihar,West Champaran,3935042,26.583333,84.833333
Meghalaya,West Garo Hills,642923,25.60780175,90.20380106
Andhra Pradesh,West Godavari,3934782,17,81.166667
Meghalaya,West Jaintia Hills,270352,25.4425965,92.29882747
Arunachal Pradesh,West Kameng,87013,27.4,92.35
Assam,West Karbi Anglong,300320,25.85291415,92.58756812
Meghalaya,West Khasi Hills,385601,25.58173695,91.28910306
Arunachal Pradesh,West Siang,112272,28.4,94.55
Sikkim,West Sikkim,136299,27.3607071,88.18800245
Jharkhand,West Singhbhum,1501619,22.5,85.5
Tripura,West Tripura,917534,23.916667,91.5
Nagaland,Wokha,166239,26.166667,94.25
Andhra Pradesh,Y.S.R. Kadapa,2884524,14.4752936,78.8216861
Telangana,Yadadri Bhuvanagiri,726465,17.42819665,79.09049098
Karnataka,Yadgir,1172985,16.7689044,77.1380381
Haryana,Yamunanagar,1214162,30.2112003,77.28638972
Puducherry,Yanam,55626,16.7333666,82.2145164
Maharashtra,Yavatmal,2775457,20.32570375,78.11691397
Nagaland,Zunheboto,141014,26,94.5
